"Date","dailyLevel.bracket","fatalityLevel.bracket","positiveLevel.bracket","recoveryLevel.bracket"
2020-04-01,"bad","low","high","low"
2020-04-02,"bad","low","high","low"
2020-04-03,"bad","low","high","low"
2020-04-04,"bad","medium","high","low"
2020-04-05,"bad","medium","high","low"
2020-04-06,"bad","medium","high","low"
2020-04-07,"bad","medium","high","low"
2020-04-08,"bad","medium","high","low"
2020-04-09,"bad","medium","high","low"
2020-04-10,"bad","medium","high","low"
2020-04-11,"bad","medium","high","low"
2020-04-12,"bad","medium","high","low"
2020-04-13,"bad","high","high","low"
2020-04-14,"bad","high","high","low"
2020-04-15,"bad","high","high","low"
2020-04-16,"bad","high","high","low"
2020-04-17,"bad","high","high","low"
2020-04-18,"bad","high","high","low"
2020-04-19,"bad","high","high","low"
2020-04-20,"bad","high","high","low"
2020-04-21,"bad","high","high","low"
2020-04-22,"bad","high","high","low"
2020-04-23,"bad","high","high","low"
2020-04-24,"bad","high","high","low"
2020-04-25,"bad","high","high","low"
2020-04-26,"bad","high","high","low"
2020-04-27,"bad","high","high","low"
2020-04-28,"bad","high","high","low"
2020-04-29,"bad","high","high","low"
2020-04-30,"bad","high","high","low"
2020-05-01,"bad","high","high","low"
2020-05-02,"bad","high","high","low"
2020-05-03,"bad","high","high","low"
2020-05-04,"bad","high","high","low"
2020-05-05,"bad","high","high","low"
2020-05-06,"bad","high","high","low"
2020-05-07,"bad","high","high","low"
2020-05-08,"bad","high","high","low"
2020-05-09,"bad","high","high","low"
2020-05-10,"bad","high","high","low"
2020-05-11,"good","high","high","low"
2020-05-12,"fine","high","high","low"
2020-05-13,"fine","high","high","low"
2020-05-14,"fine","high","high","low"
2020-05-15,"fine","high","high","low"
2020-05-16,"fine","high","high","low"
2020-05-17,"fine","high","high","low"
2020-05-18,"fine","high","high","low"
2020-05-19,"fine","high","high","low"
2020-05-20,"good","high","high","low"
2020-05-21,"fine","high","high","low"
2020-05-22,"fine","high","high","low"
2020-05-23,"fine","high","high","low"
2020-05-24,"fine","high","high","low"
2020-05-25,"good","high","high","low"
2020-05-26,"fine","high","high","low"
2020-05-27,"good","high","high","low"
2020-05-28,"good","high","high","low"
2020-05-29,"good","high","high","low"
2020-05-30,"fine","high","high","low"
2020-05-31,"good","high","high","low"
2020-06-01,"good","high","high","low"
2020-06-02,"good","high","high","low"
2020-06-03,"good","high","high","low"
2020-06-04,"good","high","high","low"
2020-06-05,"good","high","high","low"
2020-06-06,"good","high","high","low"
2020-06-07,"good","high","high","low"
2020-06-08,"good","high","high","medium"
2020-06-09,"good","high","high","medium"
2020-06-10,"good","high","high","medium"
2020-06-11,"good","high","high","medium"
2020-06-12,"good","high","high","medium"
2020-06-13,"good","high","high","medium"
2020-06-14,"good","high","high","medium"
2020-06-15,"good","high","high","medium"
2020-06-16,"good","high","high","medium"
2020-06-17,"good","high","high","medium"
2020-06-18,"good","high","high","medium"
2020-06-19,"good","high","high","medium"
2020-06-20,"fine","high","high","medium"
2020-06-21,"fine","high","high","medium"
2020-06-22,"fine","high","high","medium"
2020-06-23,"good","high","medium","medium"
2020-06-24,"bad","high","medium","medium"
2020-06-25,"fine","high","medium","medium"
2020-06-26,"fine","high","medium","medium"
2020-06-27,"fine","high","medium","medium"
2020-06-28,"fine","high","medium","low"
2020-06-29,"fine","high","medium","medium"
2020-06-30,"fine","high","medium","medium"
2020-07-01,"fine","high","medium","low"
2020-07-02,"fine","high","medium","medium"
2020-07-03,"fine","high","medium","medium"
2020-07-04,"bad","high","medium","medium"
2020-07-05,"fine","medium","medium","medium"
2020-07-06,"fine","medium","medium","medium"
2020-07-07,"fine","medium","medium","medium"
2020-07-08,"bad","medium","medium","medium"
2020-07-09,"fine","medium","medium","medium"
2020-07-10,"fine","medium","medium","medium"
2020-07-11,"bad","medium","medium","medium"
2020-07-12,"fine","medium","medium","low"
2020-07-13,"fine","medium","medium","low"
2020-07-14,"bad","medium","medium","low"
2020-07-15,"bad","medium","medium","medium"
2020-07-16,"bad","medium","medium","low"
2020-07-17,"bad","medium","medium","low"
2020-07-18,"fine","medium","medium","low"
2020-07-19,"fine","medium","medium","low"
2020-07-20,"fine","medium","medium","low"
2020-07-21,"bad","medium","medium","low"
2020-07-22,"bad","medium","medium","low"
2020-07-23,"bad","medium","medium","low"
2020-07-24,"fine","medium","medium","medium"
2020-07-25,"fine","medium","medium","low"
2020-07-26,"fine","medium","medium","low"
2020-07-27,"fine","medium","medium","medium"
2020-07-28,"fine","medium","medium","medium"
2020-07-29,"fine","medium","medium","medium"
2020-07-30,"bad","medium","medium","medium"
2020-07-31,"fine","medium","medium","medium"
2020-08-01,"fine","medium","medium","medium"
2020-08-02,"fine","medium","medium","medium"
2020-08-03,"fine","medium","medium","medium"
2020-08-04,"fine","medium","medium","medium"
2020-08-05,"fine","medium","medium","medium"
2020-08-06,"fine","medium","medium","medium"
2020-08-07,"fine","medium","medium","medium"
2020-08-08,"fine","medium","medium","medium"
2020-08-09,"fine","medium","medium","medium"
2020-08-10,"fine","medium","medium","medium"
2020-08-11,"fine","medium","medium","medium"
2020-08-12,"bad","medium","medium","medium"
2020-08-13,"good","medium","medium","medium"
2020-08-14,"fine","medium","medium","medium"
2020-08-15,"fine","medium","medium","medium"
2020-08-16,"good","medium","medium","medium"
2020-08-17,"good","medium","medium","medium"
2020-08-18,"fine","medium","medium","medium"
2020-08-19,"fine","medium","medium","medium"
2020-08-20,"fine","medium","medium","medium"
2020-08-21,"fine","medium","medium","medium"
2020-08-22,"good","medium","medium","medium"
2020-08-23,"fine","medium","medium","medium"
2020-08-24,"good","medium","medium","medium"
2020-08-25,"good","medium","medium","medium"
2020-08-26,"fine","medium","medium","medium"
2020-08-27,"good","medium","medium","medium"
2020-08-28,"good","medium","medium","medium"
2020-08-29,"good","medium","medium","medium"
2020-08-30,"good","medium","medium","medium"
2020-08-31,"good","medium","medium","medium"
2020-09-01,"good","medium","medium","medium"
2020-09-02,"good","medium","medium","medium"
2020-09-03,"good","medium","medium","medium"
2020-09-04,"good","medium","medium","medium"
2020-09-05,"good","medium","medium","medium"
2020-09-06,"good","medium","medium","medium"
2020-09-07,"good","medium","medium","medium"
2020-09-08,"good","medium","medium","medium"
2020-09-09,"good","medium","low","medium"
2020-09-10,"good","medium","low","medium"
2020-09-11,"good","medium","low","medium"
2020-09-12,"good","medium","low","high"
2020-09-13,"good","medium","low","high"
2020-09-14,"fine","low","low","high"
2020-09-15,"good","medium","low","high"
2020-09-16,"good","medium","low","high"
2020-09-17,"good","low","low","high"
2020-09-18,"good","low","low","high"
2020-09-19,"good","low","low","high"
2020-09-20,"good","low","low","high"
2020-09-21,"good","low","low","high"
2020-09-22,"fine","low","low","high"
2020-09-23,"good","low","low","high"
2020-09-24,"good","low","low","high"
2020-09-25,"good","low","low","high"
2020-09-26,"good","low","low","high"
2020-09-27,"good","low","low","high"
2020-09-28,"good","low","low","high"
2020-09-29,"good","low","low","high"
2020-09-30,"good","low","low","high"
2020-10-01,"good","low","low","high"
2020-10-02,"good","low","low","high"
2020-10-03,"good","low","low","high"
2020-10-04,"good","low","low","high"
2020-10-05,"good","low","low","high"
2020-10-06,"good","low","low","high"
2020-10-07,"good","low","low","high"
2020-10-08,"good","low","low","high"
2020-10-09,"good","low","low","high"
2020-10-10,"good","low","low","high"
2020-10-11,"good","low","low","high"
2020-10-12,"good","low","low","high"
2020-10-13,"good","low","low","high"
2020-10-14,"fine","low","low","high"
2020-10-15,"fine","low","low","high"
2020-10-16,"fine","low","low","high"
2020-10-17,"good","low","low","high"
2020-10-18,"good","low","low","high"
2020-10-19,"good","low","low","high"
2020-10-20,"fine","low","low","high"
2020-10-21,"fine","low","low","high"
2020-10-22,"fine","low","low","high"
2020-10-23,"fine","low","low","high"
2020-10-24,"fine","low","low","high"
2020-10-25,"fine","low","low","high"
2020-10-26,"good","low","low","high"
2020-10-27,"fine","low","low","high"
2020-10-28,"fine","low","low","high"
2020-10-29,"fine","low","low","high"
2020-10-30,"fine","low","low","high"
2020-10-31,"fine","low","low","high"
2020-11-01,"fine","low","low","high"
2020-11-02,"fine","low","low","high"
2020-11-03,"bad","low","low","high"
2020-11-04,"bad","low","low","high"
2020-11-05,"fine","low","low","high"
2020-11-06,"bad","low","low","high"
2020-11-07,"bad","low","low","high"
2020-11-08,"bad","low","low","high"
2020-11-09,"bad","low","low","high"
2020-11-10,"bad","low","low","high"
2020-11-11,"bad","low","low","high"
2020-11-12,"bad","low","low","high"
2020-11-13,"bad","low","low","high"
2020-11-14,"bad","low","low","high"
2020-11-15,"bad","low","low","high"
2020-11-16,"bad","low","low","high"
2020-11-17,"bad","low","low","high"
2020-11-18,"bad","low","low","high"
2020-11-19,"bad","low","low","high"
2020-11-20,"bad","low","low","high"
2020-11-21,"bad","low","low","high"
2020-11-22,"bad","low","low","medium"
2020-11-23,"bad","low","low","high"
2020-11-24,"bad","low","low","high"
2020-11-25,"bad","low","low","high"
2020-11-26,"bad","low","low","high"
2020-11-27,"bad","low","low","high"
2020-11-28,"bad","low","low","high"
2020-11-29,"bad","low","low","high"
2020-11-30,"bad","low","low","high"
2020-12-01,"fine","low","medium","high"
2020-12-02,"bad","low","medium","high"
2020-12-03,"bad","low","medium","high"
2020-12-04,"bad","low","medium","high"
